{
  "r2": 0.9621242272668142,
  "mae": 2354.8945369775975,
  "train_samples": 640,
  "val_samples": 160
}